ACT_FORCEPOSTURE,291
ACT_HARMTHREATEN,66
ACT_MAKESTATEMENT,3004
ACT_YIELD,69
AFFECT,23845
AGRICULTURE,9702
AID_ECONOMIC,15
AID_HUMANITARIAN,570
ALLIANCE,6152
APPOINTMENT,5225
ARMEDCONFLICT,25404
ARREST,15471
ASSASSINATION,253
AUSTERITY,302
AVIATION_INCIDENT,447
BAN,7649
BLACK_MARKET,284
BLOCKADE,1043
BORDER,4553
BULLYING,872
CEASEFIRE,1117
CHARASMATIC_LEADERSHIP,67
CHECKPOINT,538
CLAIM_CREDIT,859
CLOSURE,1277
CONFISCATION,444
CONSTITUTIONAL,4138
CORRUPTION,6799
CRIME_CARTELS,587
CRIME_COMMON,2133
CRIME_ILLEGAL,2983
CRIME_LOOTING,370
CRIME_STEAL,41
CRISISLEX_C01,433
CRISISLEX_C02,388
CRISISLEX_C03,22811
CRISISLEX_C04,9642
CRISISLEX_C05,2095
CRISISLEX_C06,4275
CRISISLEX_C07,45405
CRISISLEX_C08,395
CRISISLEX_CRISISLEXREC,67553
CRISISLEX_O01,5938
CRISISLEX_O02,3601
CRISISLEX_T01,12481
CRISISLEX_T02,19022
CRISISLEX_T03,28578
CRISISLEX_T04,3824
CRISISLEX_T05,40
CRISISLEX_T06,887
CRISISLEX_T07,377
CRISISLEX_T08,6289
CRISISLEX_T09,2662
CRISISLEX_T11,24635
CRM_ARSON,375
CRM_BOMBTHREAT,42
CURFEW,179
CYBER_ATTACK,1787
DEATH_PENALTY,1112
DEFECTION,221
DELAY,9065
DEMOCRACY,7308
DISABILITY,2916
DISASTER_FIRE,3118
DISCRIMINATION,4669
DISCRIMINATION_IMMIGRATION,1483
DISCRIMINATION_LGBT,509
DISCRIMINATION_RACE,3576
DISCRIMINATION_RELIGION,227
DISPLACED,962
DRONES,1487
DRUG_TRADE,3561
ECON_BANKRUPTCY,785
ECON_BITCOIN,213
ECON_BOYCOTT,1018
ECON_BUBBLE,124
ECON_BUDGET,1020
ECON_CENTRALBANK,2340
ECON_COST,307
ECON_COUNTERFEITMONEY,15
ECON_CURRENCY,2286
ECON_CUTOUTLOOK,12
ECON_DEBT,4729
ECON_DEFLATION,449
ECON_DEREGULATION,143
ECON_DEVELOPMENTORGS,8687
ECON_DIESELPRICE,181
ECON_EARNINGSREPORT,76
ECON_ELECTRICALDEMAND,108
ECON_ELECTRICALGENERATION,856
ECON_ELECTRICALGRID,187
ECON_ELECTRICALLOADSHEDDING,16
ECON_ELECTRICALPRICE,236
ECON_EMERGINGECON,1007
ECON_ENTREPRENEURSHIP,3824
ECON_FOREIGNBANKS,134
ECON_FOREIGNINVEST,379
ECON_FREETRADE,541
ECON_GASOLINEPRICE,580
ECON_GOLDPRICE,266
ECON_HEATINGOIL,441
ECON_HOUSING,4704
ECON_IDENTITYTHEFT,78
ECON_INFLATION,2370
ECON_INFORMAL,93
ECON_INTEREST,3245
ECON_IPO,305
ECON_MIDDLECLASS,865
ECON_MONEYLAUNDERING,605
ECON_MONOPOLY,274
ECON_MOU,546
ECON_NATGASPRICE,148
ECON_NATIONALIZE,12
ECON_NEWPOWERPLANT,31
ECON_OILPRICE,3660
ECON_PAY,63
ECON_PRICECONTROL,37
ECON_PRICEGOUGE,9
ECON_PRICEMANIPULATION,7
ECON_PROPANE,74
ECON_REMITTANCE,189
ECON_SOVEREIGN,308
ECON_STOCKMARKET,10602
ECON_SUBSIDIES,978
ECON_SUSPICIOUSACTIVITYREPORT,6
ECON_TAXATION,7572
ECON_TRADE,48
ECON_TRANSPORT,66
ECON_UNDEREMPLOYMENT,48
ECON_UNIONS,1614
ECON_WORKINGCLASS,358
ECON_WORLDCURRENCIES,25444
EDUCATION,46004
ELECTION,13855
ELECTION_FRAUD,280
EMERG_DISTRESSSIGNAL,361
EMERG_EMERGSHELTER,146
EMERG_FIELDHOSPITAL,28
EMERG_HAZMAT,38
EMERG_INDUSTRIALACCIDENT,23
EMERG_MASSCASUALTY,11
EMERG_SHELTERINPLACE,180
EMERG_SUSPICIOUSPACKAGE,15
ENV_BIOFUEL,265
ENV_CARBONCAPTURE,39
ENV_CLIMATECHANGE,2541
ENV_COAL,1355
ENV_DEFORESTATION,118
ENV_FISHERY,906
ENV_FORESTRY,519
ENV_GEOTHERMAL,105
ENV_GREEN,1328
ENV_HYDRO,359
ENV_METALS,1201
ENV_MINING,2662
ENV_NATURALGAS,1393
ENV_NUCLEARPOWER,175
ENV_OIL,8805
ENV_OVERFISH,70
ENV_POACHING,454
ENV_SOLAR,1747
ENV_SPECIESENDANGERED,944
ENV_SPECIESEXTINCT,6
ENV_WATERWAYS,527
ENV_WINDPOWER,460
EPU_CATS,87274
EPU_ECONOMY,75286
EPU_POLICY,235112
EPU_UNCERTAINTY,2746
ETH_INDIGINOUS,1777
EVACUATION,2287
EXHUMATION,648
EXILE,441
EXTREMISM,4536
FIREARM_OWNERSHIP,300
FOOD_SECURITY,1652
FOOD_STAPLE,80
FREESPEECH,1065
FUELPRICES,978
GENDER_VIOLENCE,1108
GENERAL_GOVERNMENT,44766
GENERAL_HEALTH,35564
GENERAL_PUBLIC,743
GENTRIFICATION,101
GEN_HOLIDAY,3366
GOV_DISSOLVEGOV,13
GOV_DIVISIONOFPOWER,5
GOV_FOIA,263
GOV_INTERGOVERNMENTAL,142
GOV_LOCALGOV,3227
GOV_MILITARY,7
GOV_REFORM,71
GOV_REPATRIATION,385
GOV_STATE,27
GOV_WARRANTLESS,19
GOV_WIRETAPPING,64
GRIEVANCES,661
HARASSMENT,1354
HATE_SPEECH,849
HEALTH_PANDEMIC,100
HEALTH_SEXTRANSDISEASE,360
HEALTH_VACCINATION,638
HUMAN_RIGHTS,4232
HUMAN_TRAFFICKING,1336
IDEOLOGY,5664
IMMIGRATION,3984
IMPEACHMENT,402
INCOME_INEQUALITY,173
INEQUALITY,596
INFO_HOAX,173
INFO_RUMOR,1627
INFRASTRUCTURE_BAD,410
INSURGENCY,1459
INTERNET_BLACKOUT,20
INTERNET_CENSORSHIP,30
JIHAD,915
JUSTICE,1084
KIDNAP,2154
KILL,35803
LANDMINE,398
LEADER,49523
LEGALIZE,458
LEGISLATION,22371
LEG_CONSTITUTIONALAMENDMENT,146
LGBT,3250
LITERACY,396
LOCUSTS,9
MANMADE_DISASTER,46583
MARITIME,11616
MARITIME_INCIDENT,8013
MARITIME_PIRACY,648
MEDIA_CENSORSHIP,1068
MEDIA_MSM,36879
MEDIA_SOCIAL,23245
MEDICAL,33133
MEDICAL_SECURITY,139
MED_COUNTERFEITDRUGS,17
MED_EMERGENCYROOM,379
MED_MEDICALTOURISM,43
MILITARY,11741
MILITARY_COOPERATION,304
MIL_MERCENARIES,72
MIL_SELF,66
MIL_WEAPONS,85
MOVEMENT_ENVIRONMENTAL,205
MOVEMENT_GENERAL,9227
MOVEMENT_OTHER,394
MOVEMENT_SOCIAL,403
MOVEMENT_WOMENS,358
NATURAL_DISASTER,35501
NEGOTIATIONS,4919
NEW_CONSTRUCTION,1407
ORGANIZED_CRIME,1729
PEACEKEEPING,642
PERSECUTION,547
PHONE_OUTAGE,2
PIPELINE_INCIDENT,40
PIRACY,430
POLITICAL_PRISONER,127
POLITICAL_TURMOIL,810
POL_HOSTVISIT,1
POPULATION_DENSITY,265
POVERTY,3398
POWER_OUTAGE,462
PRIVATIZATION,316
PROPAGANDA,1039
PROPERTY_RIGHTS,431
PROTEST,11839
PUBLIC_TRANSPORT,6754
RAIL_INCIDENT,166
RAPE,3441
RATIFY,1098
REBELLION,2881
REBELS,1204
RECRUITMENT,2783
REFUGEES,3860
RELATIONS,385
RELEASE_HOSTAGE,770
RELIGION,4103
REL_ANTISEMITISM,176
REL_ISLAMIZATION,4
REL_ISLAMOPHOBIA,86
RESIGNATION,2180
RETALIATE,895
RETIREMENT,3176
RETIREMENTS,505
ROAD_INCIDENT,626
RURAL,4798
SANCTIONS,2572
SANITATION,1236
SCANDAL,1873
SCIENCE,13221
SECURITY_SERVICES,27698
SEIGE,1854
SEIZE,2411
SELF_IDENTIFIED,8310
SEPARATISTS,389
SHORTAGE,2255
SICKENED,276
SLFID_CAPACITY,184
SLFID_CIVIL,471
SLFID_DICTATORSHIP,1557
SLFID_ECONOMIC,2449
SLFID_MILITARY,306
SLFID_MINERAL,259
SLFID_NATURAL,1235
SLFID_PEACE,23
SLFID_POLITICAL,7
SLFID_RULE,682
SLUMS,250
SMUGGLING,1449
SOC_AGINGPOPULATION,183
SOC_AIDASSISTANCE,16
SOC_BURIALPRACTICES,18
SOC_CHILDSOLDIER,92
SOC_CHRONICDISEASE,138
SOC_COUNTERFEITFOOD,7
SOC_DEGRADINGTREATMENT,26
SOC_DIPLOMRECOG,357
SOC_EARLYMARRIAGE,194
SOC_ECONCOOP,805
SOC_EFFIGY,26
SOC_EMERGINGTECH,1404
SOC_EXCEPTIONALISM,22
SOC_EXPRESSREGRET,2087
SOC_EXPRESSSUPPORT,122
SOC_FASCISM,258
SOC_FLAGBURNING,5
SOC_FORCEDRELOCATION,13
SOC_GENERALCRIME,17905
SOC_INDSERVITUDE,175
SOC_INNOVATION,6569
SOC_INTELSHARING,52
SOC_JUDICIALCOOP,5
SOC_MARGINALIZE,203
SOC_MASSMIGRATION,55
SOC_PARDON,276
SOC_POINTSOFINTEREST,147380
SOC_POLARIZED,386
SOC_POLICEMILITARIZATION,6
SOC_QUARANTINE,110
SOC_RANSOM,233
SOC_REFUGEECAMP,546
SOC_SELFIMMOLATION,17
SOC_SERVICEDISRUPTION,42
SOC_SLAVERY,1673
SOC_SUICIDE,2784
SOC_SUSPICIOUSACTIVITIES,9
SOC_SUSPICIOUSACTIVITY,97
SOC_SUSPICIOUSPEOPLE,20
SOC_TECHNOLOGYSECTOR,136
SOC_TRAFFICACCIDENT,653
SOC_USSECURITYAGENCIES,2365
SOVEREIGNTY,1109
STATE_OF,239
STRIKE,1957
SUICIDE_ATTACK,906
SURVEILLANCE,1764
TAKE_OFFICE,1412
TAX_AGRICULHARMINSECTS,763
TAX_AIDGROUPS,11693
TAX_CARTELS,32
TAX_CHRONICDISEASE,4115
TAX_DISEASE,86181
TAX_ECON,33279
TAX_ETHNICITY,218133
TAX_FNCACT,1093311
TAX_FOODSTAPLES,17659
TAX_MILITARY,47089
TAX_PLANTDISEASE,113
TAX_POLITICAL,44123
TAX_RELIGION,49620
TAX_SPECIAL,1338
TAX_SPECIALDEATH,170
TAX_TERROR,20581
TAX_WEAPONS,26435
TAX_WORLDARACHNIDS,1626
TAX_WORLDBIRDS,4500
TAX_WORLDCRUSTACEANS,1700
TAX_WORLDFISH,17861
TAX_WORLDINSECTS,2303
TAX_WORLDLANGUAGES,150201
TAX_WORLDMAMMALS,71866
TAX_WORLDMYRIAPODA,30
TAX_WORLDREPTILES,3487
TECH_AUTOMATION,709
TECH_BIGDATA,287
TECH_SUPERCOMPUTING,53
TECH_VIRTUALREALITY,504
TERROR,12924
TORTURE,1138
TOURISM,4860
TRAFFIC,4877
TRANSPARENCY,3793
TREASON,435
TRIAL,25245
UNEMPLOYMENT,2686
UNGOVERNED,3
UNGP_AFFORDABLE,1626
UNGP_CLEAN,1489
UNGP_CLIMATE,2697
UNGP_CRIME,16500
UNGP_EDUCATION,1310
UNGP_FORESTS,56846
UNGP_FREEDOM,4084
UNGP_GENDER,1181
UNGP_HEALTHCARE,6676
UNGP_JOB,4502
UNGP_PHONE,235
UNGP_POLITICAL,4529
UNGP_SUPPORT,198
UNGP_TRANSPORTATION,983
UNREST_ACQUIRE,44
UNREST_ASSEMBLY,1
UNREST_BELLIGERENT,5813
UNREST_CHECKPOINT,547
UNREST_CLOSINGBORDER,7
UNREST_CRACKDOWN,1301
UNREST_DAY,106
UNREST_HUMAN,435
UNREST_HUNGERSTRIKE,74
UNREST_MASS,14
UNREST_MOLOTOVCOCKTAIL,34
UNREST_NATIONAL,50
UNREST_POLICEBRUTALITY,104
UNREST_SELF,735
UNREST_STONETHROWING,160
UNREST_STONING,45
UNREST_ULTIMATUM,216
UNSAFE_WORK,322
URBAN,6372
URBAN_SPRAWL,66
USPEC_POLICY1,45162
USPEC_POLITICS,55440
USPEC_UNCERTAINTY1,14656
VANDALIZE,755
VETO,949
VIOLENT_UNREST,735
WATER_SECURITY,3489
WB_1000,470
WB_1001,3
WB_1006,28
WB_1007,1
WB_1009,11
WB_1011,14
WB_1014,17577
WB_1015,32
WB_1016,43
WB_1017,24
WB_1020,126
WB_1021,181
WB_1024,1141
WB_1025,8
WB_1026,1124
WB_1028,16
WB_1029,8
WB_1031,54
WB_1036,1
WB_1038,1
WB_1039,2822
WB_1040,527
WB_1041,836
WB_1042,1221
WB_1043,5
WB_1044,23
WB_1045,1504
WB_1048,76
WB_1049,14
WB_1050,107
WB_1052,26
WB_1053,2
WB_1054,71
WB_1057,60
WB_1058,174
WB_1059,11
WB_1063,8
WB_1064,90
WB_1068,81
WB_1069,13
WB_1070,936
WB_1072,490
WB_1073,138
WB_1074,365
WB_1075,67
WB_1078,2563
WB_1079,1904
WB_1081,362
WB_1083,95
WB_1084,88
WB_1089,21
WB_1096,279
WB_1097,17
WB_1098,267
WB_1100,1173
WB_1102,45
WB_1104,7514
WB_1106,13
WB_1111,16
WB_1112,40
WB_1116,69
WB_1119,65
WB_1121,802
WB_1122,105
WB_1124,53
WB_1125,45
WB_1127,36
WB_1128,9
WB_1130,329
WB_1134,27
WB_1135,96
WB_1136,156
WB_1141,1
WB_1144,17
WB_1145,19
WB_1150,906
WB_1152,1058
WB_1153,1022
WB_1156,152
WB_1157,5
WB_1160,2901
WB_1166,7
WB_1167,228
WB_1168,21
WB_1169,21
WB_1170,783
WB_1173,7
WB_1174,2847
WB_1175,2
WB_1181,19
WB_1182,1
WB_1184,16
WB_1191,1
WB_1192,19
WB_1199,1458
WB_1200,2
WB_1201,108
WB_1202,194
WB_1211,726
WB_1212,5
WB_1215,17
WB_1226,256
WB_1227,1
WB_1228,2
WB_1232,2
WB_1234,2701
WB_1235,2311
WB_1236,425
WB_1237,36
WB_1240,13
WB_1241,12
WB_1243,1
WB_1244,12
WB_1245,307
WB_1247,43
WB_1248,6
WB_1249,75
WB_1252,99
WB_1253,1
WB_1254,112
WB_1255,15
WB_1256,195
WB_1260,3
WB_1262,1
WB_1275,1
WB_1277,79
WB_1278,9
WB_1281,6277
WB_1282,3
WB_1283,349
WB_1284,2
WB_1285,175
WB_1287,1403
WB_1288,19
WB_1291,519
WB_1292,35
WB_1293,24
WB_1299,1
WB_1304,1
WB_1305,1528
WB_1306,23
WB_1307,172
WB_1308,95
WB_1309,23
WB_1315,5
WB_1316,2
WB_1317,30
WB_1324,1300
WB_1327,4
WB_133,38021
WB_1331,10373
WB_134,5023
WB_135,22770
WB_1350,10069
WB_1351,8
WB_1352,16
WB_1353,79
WB_1355,3
WB_1358,423
WB_1361,1
WB_1362,547
WB_137,15067
WB_1376,1
WB_1377,4
WB_138,507
WB_1383,366
WB_1385,154
WB_1386,4
WB_1388,71
WB_139,888
WB_1390,3
WB_1396,45
WB_1397,17
WB_1399,15
WB_140,740
WB_1400,2
WB_1406,15973
WB_141,649
WB_1414,11
WB_1415,1118
WB_1416,16
WB_1419,114
WB_1420,143
WB_1421,76
WB_1422,50
WB_1423,75
WB_1425,16
WB_1427,12282
WB_1428,5311
WB_1429,489
WB_143,11
WB_1430,1298
WB_1431,3274
WB_1432,656
WB_1433,547
WB_1434,979
WB_1435,632
WB_1437,1316
WB_1438,1294
WB_1439,422
WB_144,57
WB_1440,10
WB_1441,986
WB_1442,115
WB_1444,291
WB_1445,282
WB_1447,79
WB_1448,1449
WB_1450,26
WB_1451,35
WB_1452,285
WB_1453,207
WB_1454,113
WB_1455,90
WB_1456,23
WB_1458,7172
WB_1459,516
WB_1461,204
WB_1462,3887
WB_1463,81
WB_1464,1993
WB_1466,5103
WB_1467,11748
WB_1468,23
WB_147,3
WB_1471,3
WB_148,516
WB_1484,11317
WB_149,8
WB_1490,405
WB_1493,79
WB_1496,2
WB_1497,3801
WB_1499,59
WB_150,2
WB_1502,3315
WB_1504,15
WB_151,737
WB_1510,63
WB_1513,165
WB_1514,16
WB_1518,65
WB_152,19
WB_1522,14
WB_1523,197
WB_1525,8
WB_1528,3
WB_1530,63
WB_1531,15
WB_1532,41
WB_1533,6
WB_1534,71
WB_1535,37
WB_154,86
WB_1540,490
WB_1541,155
WB_1546,1
WB_1549,4
WB_155,7
WB_1550,3
WB_1555,4
WB_1556,18
WB_1559,7
WB_156,7
WB_1568,1
WB_1579,2
WB_1580,10
WB_1581,5
WB_1583,3
WB_1585,8
WB_1586,2
WB_1587,19
WB_159,78
WB_1591,1
WB_1592,1
WB_1594,12
WB_1595,1
WB_1597,9
WB_1600,5
WB_1601,1
WB_1602,4
WB_1603,1666
WB_1606,1375
WB_1607,281
WB_1608,1770
WB_1609,2807
WB_161,169
WB_1610,3
WB_1611,5
WB_1612,80
WB_1613,100
WB_1614,754
WB_1615,591
WB_1616,163
WB_1618,1888
WB_1619,8
WB_162,726
WB_1620,1831
WB_1623,66
WB_1624,96
WB_1625,323
WB_1626,2
WB_1627,61
WB_1628,42
WB_1629,1
WB_1630,1
WB_1633,44
WB_1634,44
WB_1636,53
WB_1639,7
WB_164,2307
WB_1641,6
WB_1643,2
WB_1645,1
WB_1646,52
WB_1647,12
WB_1648,51
WB_1649,52
WB_165,2210
WB_1650,989
WB_1651,94
WB_1652,875
WB_1653,24
WB_1654,2712
WB_1655,1
WB_1658,3
WB_1659,1
WB_166,2075
WB_1660,12
WB_1661,7
WB_1663,1
WB_1664,1
WB_1665,5
WB_1668,1774
WB_1669,542
WB_167,3544
WB_1670,505
WB_1671,501
WB_1672,117
WB_1673,1289
WB_1674,224
WB_1675,1025
WB_1676,42
WB_1677,124
WB_1678,97
WB_1679,14
WB_168,4001
WB_1680,13
WB_1683,97
WB_1686,136
WB_1687,4
WB_1688,5
WB_1692,9
WB_1693,3
WB_1697,2
WB_1698,129
WB_1699,7111
WB_170,338
WB_1700,132
WB_1701,15
WB_1702,123
WB_1703,54
WB_1705,228
WB_1707,33
WB_1709,19
WB_171,1
WB_1715,2
WB_1717,13
WB_1720,302
WB_1721,202
WB_1722,37
WB_1723,3
WB_1724,8
WB_1725,5
WB_1726,72
WB_1729,1
WB_1731,1
WB_174,770
WB_1743,460
WB_1745,22
WB_1747,98
WB_1748,13
WB_175,382
WB_1751,197
WB_1753,17
WB_1757,24
WB_1762,2
WB_1764,10
WB_1765,32
WB_1767,58
WB_1768,396
WB_177,1241
WB_1773,97
WB_1774,99
WB_1776,4
WB_1777,2764
WB_1778,1
WB_178,379
WB_1781,2
WB_1782,4
WB_1783,1
WB_1785,54
WB_1786,438
WB_1787,241
WB_1789,42
WB_1790,1
WB_1791,332
WB_1792,116
WB_1793,77
WB_1794,16
WB_1795,1
WB_1796,3
WB_1797,128
WB_1798,69
WB_1799,4
WB_180,536
WB_1800,7
WB_1801,80
WB_1802,3
WB_1803,13487
WB_1804,4477
WB_1805,527
WB_1808,503
WB_1809,3969
WB_1810,105
WB_1812,40
WB_1815,150
WB_1816,7
WB_1817,504
WB_1818,79
WB_1819,1
WB_1823,5
WB_1826,5
WB_1828,1
WB_1829,1576
WB_1831,85
WB_1833,1465
WB_1835,64
WB_1836,1
WB_1838,1
WB_1841,199
WB_1844,72
WB_1845,49
WB_1846,28
WB_1847,31
WB_1851,22
WB_1852,48
WB_1853,7
WB_1854,149
WB_1855,24
WB_1857,404
WB_1859,229
WB_1861,4
WB_1876,1
WB_1877,28
WB_1879,9
WB_1880,7
WB_1882,9
WB_1883,38
WB_1884,2
WB_1888,4
WB_1889,46
WB_1893,172
WB_1894,10
WB_1895,6
WB_1896,604
WB_1897,53
WB_1900,2
WB_1905,3
WB_1907,292
WB_1909,1
WB_191,4
WB_1910,38
WB_1913,7
WB_1917,690
WB_1918,503
WB_192,10
WB_1920,11202
WB_1921,17828
WB_1922,35
WB_1923,10
WB_1927,329
WB_1934,479
WB_1935,3
WB_1937,12
WB_194,13
WB_1944,69
WB_1945,69
WB_1946,3
WB_1948,1106
WB_1949,2166
WB_1950,118
WB_1952,2
WB_1953,2
WB_1955,1
WB_1956,7
WB_1958,1
WB_1959,92
WB_196,4
WB_1960,35
WB_1962,9
WB_1963,4
WB_1965,47
WB_1966,47
WB_1967,5803
WB_1968,48
WB_197,72
WB_1972,4
WB_1973,4851
WB_1976,2
WB_1978,9
WB_1979,4211
WB_1980,19
WB_1981,1
WB_1982,10
WB_1983,134
WB_1984,58
WB_1985,3
WB_1986,3542
WB_1988,27
WB_199,446
WB_1990,2
WB_1992,25
WB_1998,2
WB_200,2
WB_2000,382
WB_2003,529
WB_2004,4
WB_2005,8
WB_2007,1
WB_2008,135
WB_2009,13
WB_2019,2709
WB_2020,2629
WB_2021,84
WB_2023,17
WB_2024,13717
WB_2025,11040
WB_2026,2936
WB_2031,552
WB_2032,3
WB_2035,14
WB_2040,169
WB_2044,5
WB_2046,7
WB_2048,10918
WB_2052,6
WB_2054,162
WB_2055,36
WB_2058,14
WB_2060,19
WB_2061,11
WB_2063,29
WB_2065,2
WB_2066,8
WB_2069,4
WB_2070,221
WB_2071,63
WB_2072,6
WB_2073,52
WB_2074,38
WB_2075,6
WB_2076,601
WB_2079,53
WB_2081,75
WB_2082,2959
WB_2083,54
WB_2084,326
WB_2085,131
WB_2089,1474
WB_2091,13
WB_2093,3
WB_2096,3
WB_2098,355
WB_2100,77
WB_2101,742
WB_2106,66
WB_2107,30
WB_2111,141
WB_2112,32
WB_2113,103
WB_2114,5
WB_2115,2
WB_2117,2
WB_2120,1161
WB_2121,78
WB_2122,19
WB_2123,1
WB_2124,5
WB_2126,20
WB_2127,112
WB_2128,7
WB_2129,282
WB_2131,11081
WB_2132,368
WB_2133,48
WB_2137,85
WB_2138,4
WB_2139,58
WB_2140,56
WB_2141,1559
WB_2142,1731
WB_2144,24
WB_2147,33
WB_2151,158
WB_2156,265
WB_2162,16
WB_2163,4
WB_2165,3299
WB_2166,1985
WB_2167,1985
WB_2168,5
WB_2171,421
WB_2172,30
WB_2179,196
WB_2180,304
WB_2186,104
WB_2187,29
WB_2189,1
WB_2194,493
WB_2196,17
WB_2197,97
WB_2198,61
WB_2199,3
WB_2201,54
WB_2202,7
WB_2203,6724
WB_2204,12
WB_2206,218
WB_2207,217
WB_2212,1
WB_2213,1
WB_2216,1
WB_2267,4
WB_2271,136
WB_2273,377
WB_2277,1
WB_2281,13
WB_2286,120
WB_2287,38
WB_2289,21
WB_2290,203
WB_2291,31
WB_2292,2
WB_2293,2
WB_2295,2
WB_2297,1
WB_2298,613
WB_2299,1830
WB_2300,22
WB_2301,11
WB_2303,316
WB_2304,5
WB_2306,1
WB_2307,1
WB_2316,9
WB_2323,11
WB_2324,10
WB_2329,1231
WB_2335,6
WB_2337,1
WB_2344,1
WB_2345,1
WB_2349,78
WB_2350,3
WB_2358,47
WB_2363,259
WB_2364,3
WB_2366,11
WB_2368,9
WB_2369,35
WB_2370,87
WB_2371,360
WB_2372,873
WB_2375,463
WB_2376,1
WB_2377,4
WB_2378,13
WB_2379,4
WB_2381,120
WB_2382,2
WB_2383,31
WB_2384,44
WB_2386,28
WB_2387,134
WB_2388,1
WB_2389,33
WB_2390,68
WB_2391,33
WB_2393,38
WB_2396,1
WB_2399,621
WB_2401,74
WB_2402,11
WB_2405,3
WB_2407,3
WB_2408,2
WB_2409,7
WB_2410,28
WB_2411,2
WB_2412,19
WB_2416,552
WB_2417,7
WB_2418,172
WB_2420,121
WB_2424,72
WB_2428,49
WB_2429,32
WB_2432,36440
WB_2433,25484
WB_2435,92
WB_2437,9
WB_2440,439
WB_2441,849
WB_2442,125
WB_2443,826
WB_2444,186
WB_2445,5242
WB_2446,454
WB_2447,72
WB_2448,1187
WB_2449,343
WB_2451,2348
WB_2452,1400
WB_2453,7413
WB_2454,41
WB_2455,12
WB_2456,6566
WB_2457,62
WB_2458,711
WB_2459,8
WB_2462,8327
WB_2463,1
WB_2464,712
WB_2465,1868
WB_2466,9
WB_2467,2602
WB_2468,2027
WB_2469,46
WB_2470,12760
WB_2471,4199
WB_2473,3325
WB_2474,140
WB_2477,5
WB_2478,611
WB_2480,684
WB_2481,25
WB_2482,787
WB_2488,656
WB_2489,5
WB_2490,8428
WB_2491,209
WB_2492,643
WB_2494,10
WB_2495,6378
WB_2497,8
WB_2499,1
WB_2501,6
WB_2502,1
WB_2503,73
WB_2505,44
WB_2506,14
WB_2507,3124
WB_2508,80
WB_2509,589
WB_2510,458
WB_2511,974
WB_2512,1143
WB_2513,266
WB_2514,57
WB_2515,2
WB_2516,52
WB_2519,856
WB_2520,78
WB_2521,2
WB_2525,4
WB_2526,17
WB_2530,7056
WB_2531,6884
WB_2532,4
WB_2548,19
WB_2552,61
WB_2559,12
WB_2561,2
WB_2563,45
WB_2564,2
WB_2566,13
WB_2572,2
WB_2575,487
WB_2576,76
WB_2577,7
WB_2578,21
WB_2579,3
WB_2581,189
WB_2583,5
WB_2586,26
WB_2587,1
WB_2595,71
WB_2598,28
WB_2599,25
WB_2600,18
WB_2601,948
WB_2607,23
WB_2608,18
WB_2609,5
WB_2612,25
WB_2615,13
WB_2626,1
WB_2628,1
WB_2632,1
WB_2638,3
WB_2639,4
WB_2640,4
WB_2645,3
WB_2648,41
WB_2651,32
WB_2653,32
WB_2656,4
WB_2657,82
WB_2658,4
WB_2661,45
WB_2662,37
WB_2663,415
WB_2665,553
WB_2666,240
WB_2667,237
WB_2668,206
WB_2669,91
WB_2670,24968
WB_2671,58
WB_2673,30
WB_2674,30
WB_2679,14
WB_2683,28
WB_2686,28
WB_2689,9269
WB_2690,4287
WB_2691,1
WB_2692,7
WB_2693,6
WB_2694,5
WB_2696,2
WB_2698,10
WB_2700,8
WB_2701,57
WB_2702,28
WB_2703,3
WB_2704,2368
WB_2706,1
WB_2717,5
WB_2724,5
WB_2725,426
WB_2726,2
WB_2727,20
WB_2728,24
WB_2729,188
WB_2730,15
WB_2731,1
WB_2732,111
WB_2733,59
WB_2734,1
WB_2735,12
WB_2736,522
WB_2737,139
WB_2738,248
WB_2740,1
WB_2741,1
WB_2742,3
WB_2743,17
WB_2744,112
WB_2745,5216
WB_2746,11
WB_2747,1881
WB_2748,3668
WB_2749,9
WB_2750,124
WB_2751,3
WB_2753,2
WB_2755,1
WB_2756,37
WB_2760,142
WB_2761,23
WB_2763,84
WB_2765,4
WB_2767,1
WB_2769,5936
WB_2773,12
WB_2777,7
WB_2780,1
WB_2786,5
WB_2788,361
WB_2789,69
WB_279,82
WB_2794,54
WB_2796,4
WB_2798,32
WB_2799,1
WB_2802,294
WB_2804,2
WB_2806,1
WB_2807,2
WB_2808,5
WB_281,121
WB_2811,162
WB_2812,1
WB_2813,2
WB_2815,611
WB_2817,331
WB_2819,1
WB_282,81
WB_2822,40
WB_2823,286
WB_2824,259
WB_2825,3
WB_2836,4432
WB_2837,2858
WB_2838,1
WB_2840,1606
WB_2841,11
WB_2843,71
WB_2844,73
WB_2845,23
WB_2847,61
WB_2848,6
WB_2849,4
WB_286,2843
WB_2861,2
WB_2862,2
WB_288,728
WB_2884,114
WB_2885,20
WB_2889,88
WB_289,3
WB_2890,88
WB_2895,37
WB_2896,1988
WB_2898,31
WB_2899,1
WB_290,725
WB_2901,85
WB_291,64
WB_2914,336
WB_2915,7
WB_2916,78
WB_2921,2
WB_2922,1
WB_2925,34
WB_2926,19
WB_2931,1497
WB_2933,167
WB_2934,682
WB_2935,242
WB_2936,3684
WB_2937,1854
WB_2938,33
WB_2939,6
WB_2940,15
WB_2941,3
WB_2943,1403
WB_2944,1247
WB_2945,1750
WB_2946,175
WB_2947,407
WB_295,4
WB_2950,2
WB_2957,38
WB_2960,333
WB_2961,7
WB_2965,1
WB_2967,12
WB_2969,16
WB_2971,2
WB_2973,5
WB_2986,3
WB_2987,1
WB_2988,39
WB_2989,1
WB_2992,1
WB_3002,3
WB_3005,26
WB_3007,1343
WB_3008,9
WB_3009,4
WB_3011,10
WB_3014,1
WB_3015,1
WB_3018,3
WB_3021,3
WB_3024,1
WB_312,41
WB_313,6
WB_315,8
WB_317,55
WB_318,3196
WB_319,1
WB_322,154
WB_324,20
WB_327,265
WB_328,3655
WB_330,105
WB_331,54
WB_332,4097
WB_333,14
WB_334,412
WB_335,4
WB_336,2958
WB_337,4849
WB_340,6
WB_341,964
WB_342,68
WB_344,85
WB_345,209
WB_346,9266
WB_350,465
WB_351,145
WB_352,41
WB_353,95
WB_355,5
WB_356,1
WB_357,58
WB_358,216
WB_359,2
WB_363,749
WB_364,169
WB_367,65
WB_368,1306
WB_370,44
WB_371,172
WB_372,5
WB_375,2
WB_376,1219
WB_377,1082
WB_378,3
WB_380,301
WB_382,301
WB_385,109
WB_387,105
WB_398,3
WB_400,3
WB_405,7291
WB_406,970
WB_408,87
WB_410,375
WB_411,79
WB_413,6
WB_417,138
WB_420,1
WB_421,813
WB_427,106
WB_435,12363
WB_436,549
WB_439,3454
WB_440,190
WB_441,283
WB_442,2298
WB_444,988
WB_445,2359
WB_449,31
WB_450,4995
WB_451,55
WB_452,94
WB_453,2
WB_454,36
WB_470,23007
WB_471,6962
WB_473,96
WB_475,14
WB_476,870
WB_477,101
WB_478,1615
WB_479,299
WB_480,136
WB_481,207
WB_482,1079
WB_483,111
WB_484,175
WB_491,386
WB_494,85
WB_498,483
WB_503,159
WB_507,13137
WB_508,876
WB_509,497
WB_510,31
WB_511,117
WB_512,104
WB_514,7
WB_515,138
WB_517,1
WB_519,136
WB_520,1
WB_521,64
WB_525,1973
WB_526,69
WB_527,336
WB_528,700
WB_529,437
WB_530,13
WB_531,6
WB_532,185
WB_533,388
WB_534,5
WB_538,1
WB_539,2938
WB_540,93
WB_544,258
WB_545,93
WB_546,2
WB_548,2346
WB_549,755
WB_551,65
WB_554,95
WB_555,11
WB_556,2
WB_557,22
WB_559,49
WB_566,6669
WB_567,2680
WB_568,196
WB_569,149
WB_570,42
WB_571,263
WB_572,7
WB_574,33
WB_576,3
WB_579,285
WB_580,6
WB_582,2
WB_588,41
WB_589,36
WB_590,4074
WB_594,235
WB_595,231
WB_596,64
WB_597,26
WB_598,280
WB_600,91
WB_601,551
WB_605,21
WB_606,4
WB_611,355
WB_612,1723
WB_613,3
WB_614,64
WB_615,2583
WB_618,2
WB_621,33424
WB_625,1439
WB_631,106
WB_635,11431
WB_639,1250
WB_640,242
WB_641,528
WB_642,616
WB_643,554
WB_644,2478
WB_646,30
WB_652,6934
WB_653,284
WB_655,52
WB_656,82
WB_657,121
WB_658,6930
WB_659,4
WB_660,134
WB_661,283
WB_662,6172
WB_663,10
WB_664,5
WB_665,125
WB_666,43
WB_667,4848
WB_668,35
WB_669,2268
WB_670,2482
WB_671,1262
WB_672,2638
WB_673,7
WB_674,215
WB_675,3
WB_676,212
WB_678,35770
WB_679,3
WB_680,751
WB_681,1
WB_683,1
WB_684,34
WB_693,194
WB_694,29415
WB_695,8149
WB_696,47157
WB_697,11243
WB_698,15787
WB_699,3410
WB_700,438
WB_701,823
WB_702,1
WB_706,1272
WB_707,1062
WB_709,7
WB_710,6
WB_713,2217
WB_716,244
WB_718,329
WB_720,84
WB_721,513
WB_722,6
WB_723,12274
WB_724,11065
WB_725,268
WB_726,1
WB_727,166
WB_728,988
WB_729,257
WB_730,28
WB_733,28
WB_734,1
WB_736,3
WB_737,21
WB_738,3975
WB_739,1504
WB_740,29
WB_741,1
WB_742,2277
WB_744,110
WB_747,13
WB_749,333
WB_751,237
WB_752,164
WB_756,263
WB_757,12
WB_758,217
WB_765,36
WB_768,179
WB_769,112
WB_772,1083
WB_774,71
WB_775,1023
WB_776,251
WB_778,221
WB_780,255
WB_782,25
WB_783,190
WB_784,489
WB_785,5
WB_786,33
WB_787,3
WB_788,95
WB_789,1
WB_790,503
WB_793,2951
WB_794,98
WB_797,908
WB_798,37
WB_801,9
WB_802,86
WB_803,1
WB_804,16
WB_805,94
WB_806,93
WB_809,40
WB_813,1536
WB_814,2
WB_816,100
WB_817,818
WB_818,8652
WB_820,448
WB_821,158
WB_822,1
WB_823,2
WB_825,2320
WB_827,72
WB_828,215
WB_829,1085
WB_831,18397
WB_832,15958
WB_833,59
WB_834,2
WB_836,100
WB_837,558
WB_838,1073
WB_840,26655
WB_841,1086
WB_843,3526
WB_845,6555
WB_846,59
WB_847,173
WB_848,138
WB_849,59
WB_851,2584
WB_853,565
WB_854,5
WB_855,6324
WB_856,2628
WB_857,63
WB_862,533
WB_863,362
WB_865,35
WB_866,871
WB_867,16
WB_870,69
WB_871,6
WB_872,427
WB_873,283
WB_874,1006
WB_877,982
WB_882,65
WB_883,102
WB_888,213
WB_890,64
WB_891,76
WB_895,7501
WB_896,120
WB_898,47
WB_899,333
WB_901,359
WB_903,6
WB_904,714
WB_911,6
WB_913,1
WB_916,5
WB_919,522
WB_921,206
WB_922,7
WB_923,2
WB_924,100
WB_925,82
WB_926,18
WB_930,49
WB_932,140
WB_933,515
WB_936,3477
WB_938,270
WB_939,2884
WB_940,40
WB_941,22
WB_942,400
WB_945,24
WB_956,1
WB_957,182
WB_958,216
WB_959,27
WB_960,70
WB_962,1657
WB_963,379
WB_964,127
WB_969,433
WB_970,30
WB_971,34
WB_972,25
WB_973,154
WB_975,30
WB_976,4
WB_977,8
WB_980,19
WB_983,84
WB_988,287
WB_989,15
WB_990,253
WB_992,31
WB_993,1
WB_994,47
WB_995,1
WB_999,214
WHISTLEBLOWER,456
WMD,1337
WOUND,7846
